V1,twin,60.230,,ab5661ac89d3d2de,0,0
V1,nvidia,2.8384,2.8151,ab5661ac89d3d2de,0,0
V1,llvmpipe,4.8657,4.8133,ab5661ac89d3d2de,0,0
V2,twin,304.902,,64a34bdbc001aa50,0,0
V2,nvidia,4.7879,4.7770,64a34bdbc001aa50,0,0
V2,llvmpipe,32.8789,26.2853,64a34bdbc001aa50,0,0
V3,twin,223.575,,8dbf59a0f05e9857,6926917,0
V3,nvidia,2.7670,2.7623,8dbf59a0f05e9857,6926917,0
V3,llvmpipe,64.8852,64.6894,8dbf59a0f05e9857,6926917,0
V4,twin,236.189,,dee0c00ab61307a0,9408623,0
V4,nvidia,2.7610,2.7433,dee0c00ab61307a0,9408623,0
V4,llvmpipe,89.5049,82.4981,dee0c00ab61307a0,9408623,0
V4b,twin,267.289,,8dcefcdc4110e7b6,7515037,430865
V4b,nvidia,2.7484,2.7250,8dcefcdc4110e7b6,7515037,430865
V4b,llvmpipe,83.4045,82.6644,8dcefcdc4110e7b6,7515037,430865
V1-rtesz,twin,59.848,,ab5661ac89d3d2de,0,0
V1-rtesz,nvidia,2.8809,2.8668,ab5661ac89d3d2de,0,0
V1-rtesz,llvmpipe,4.9975,4.4677,ab5661ac89d3d2de,0,0
V1-pszinp,twin,60.339,,ab5661ac89d3d2de,0,0
V4-dxc,twin,235.462,,dee0c00ab61307a0,9408623,0
V4-dxc,nvidia,2.7612,2.7453,dee0c00ab61307a0,9408623,0
V4-dxc,llvmpipe,88.6149,85.3416,dee0c00ab61307a0,9408623,0
V4-glslang,twin,232.183,,dee0c00ab61307a0,9408623,0
V4-glslang,nvidia,2.7580,2.7377,dee0c00ab61307a0,9408623,0
V4-glslang,llvmpipe,82.9746,82.4825,dee0c00ab61307a0,9408623,0
V1-fma,twin,54.472,,b244ae3159602e08,0,0
V1-fast,twin,59.853,,ab5661ac89d3d2de,0,0
V1-fast,nvidia,3.0186,3.0186,32f2a3d74f73ace1,0,0
V1-fast,llvmpipe,5.9070,5.9070,a5802de62bc01f6e,0,0
V1-clang,twin,56.469,,ab5661ac89d3d2de,0,0
V2-clang,twin,317.059,,64a34bdbc001aa50,0,0
V3-clang,twin,137.859,,8dbf59a0f05e9857,6926917,0
V4-clang,twin,144.122,,dee0c00ab61307a0,9408623,0
V4b-clang,twin,161.651,,8dcefcdc4110e7b6,7515037,430865
V1-fma,twin,55.427,,b244ae3159602e08,0,0
V1-fast,twin,60.073,,ab5661ac89d3d2de,0,0
V1-fast,nvidia,2.8543,2.8543,32f2a3d74f73ace1,0,0
V1-fast,llvmpipe,5.6101,5.6101,a5802de62bc01f6e,0,0
