F,1000,500,11,cpu1,batched,0.54933,,,
F,1000,500,11,cpu8,batched,0.53873,,,
F,1000,500,11,nvidia,batched,0.86790,0,-1,0
F,1000,500,11,nvidia,readback,1.83343,,,
F,1000,500,11,llvmpipe,batched,7.83702,0,-1,0
F,1000,500,11,llvmpipe,readback,7.71440,,,
F,10000,5000,11,cpu1,batched,6.35152,,,
F,10000,5000,11,cpu8,batched,2.06013,,,
F,10000,5000,11,nvidia,batched,1.06562,0,-1,0
F,10000,5000,11,nvidia,readback,1.58547,,,
F,10000,5000,11,llvmpipe,batched,7.40417,0,-1,0
F,10000,5000,11,llvmpipe,readback,36.67772,,,
F,100000,50000,13,cpu1,batched,67.55149,,,
F,100000,50000,13,cpu8,batched,17.66337,,,
F,100000,50000,13,nvidia,batched,4.81085,0,-1,0
F,100000,50000,13,nvidia,readback,5.94715,,,
F,100000,50000,13,llvmpipe,batched,52.22013,0,-1,0
F,100000,50000,13,llvmpipe,readback,52.04453,,,
F-any,1000,500,11,cpu1,batched,0.54143,,,
F-any,1000,500,11,nvidia,batched,0.86731,0,-1,0
F-any,1000,500,11,nvidia,readback,1.57851,,,
F-any,1000,500,11,llvmpipe,batched,8.63756,0,-1,0
F-any,1000,500,11,llvmpipe,readback,4.72361,,,
F-any,10000,5000,11,cpu1,batched,6.49477,,,
F-any,10000,5000,11,nvidia,batched,1.06972,0,-1,0
F-any,10000,5000,11,nvidia,readback,1.78155,,,
F-any,10000,5000,11,llvmpipe,batched,10.43862,0,-1,0
F-any,10000,5000,11,llvmpipe,readback,10.49508,,,
F-any,100000,50000,13,cpu1,batched,71.06114,,,
F-any,100000,50000,13,nvidia,batched,4.79722,0,-1,0
F-any,100000,50000,13,nvidia,readback,6.08745,,,
F-any,100000,50000,13,llvmpipe,batched,52.38183,0,-1,0
F-any,100000,50000,13,llvmpipe,readback,55.22123,,,
Fdisc,1000,500,11,cpu1,batched,0.56386,,,
Fdisc,1000,500,11,nvidia,batched,0.87458,4222,0,2128836678
Fdisc,1000,500,11,nvidia,readback,1.58327,,,
Fdisc,1000,500,11,llvmpipe,batched,5.32328,0,-1,0
Fdisc,1000,500,11,llvmpipe,readback,18.44096,,,
Fdisc,10000,5000,11,cpu1,batched,6.33921,,,
Fdisc,10000,5000,11,nvidia,batched,1.06452,44465,0,2256458884
Fdisc,10000,5000,11,nvidia,readback,1.80097,,,
Fdisc,10000,5000,11,llvmpipe,batched,9.60228,0,-1,0
Fdisc,10000,5000,11,llvmpipe,readback,7.52270,,,
Fdisc,100000,50000,13,cpu1,batched,66.96130,,,
Fdisc,100000,50000,13,nvidia,batched,4.74034,432644,0,2197096520
Fdisc,100000,50000,13,nvidia,readback,6.06545,,,
Fdisc,100000,50000,13,llvmpipe,batched,49.74483,0,-1,0
Fdisc,100000,50000,13,llvmpipe,readback,55.68174,,,
Fnocap,1000,500,11,cpu1,batched,0.53699,,,
Fnocap,1000,500,11,nvidia,batched,0.86925,12,3,4194303
Fnocap,1000,500,11,nvidia,readback,1.73017,,,
Fnocap,1000,500,11,llvmpipe,batched,8.50282,0,-1,0
Fnocap,1000,500,11,llvmpipe,readback,4.99131,,,
Fnocap,10000,5000,11,cpu1,batched,6.29031,,,
Fnocap,10000,5000,11,nvidia,batched,1.06564,228,0,4194303
Fnocap,10000,5000,11,nvidia,readback,1.75660,,,
Fnocap,10000,5000,11,llvmpipe,batched,7.10404,0,-1,0
Fnocap,10000,5000,11,llvmpipe,readback,8.23429,,,
I64,1000,500,11,cpu1,batched,2.61423,,,
I64,1000,500,11,cpu8,batched,1.82804,,,
I64,1000,500,11,nvidia,batched,1.79583,0,-1,0
I64,1000,500,11,nvidia,readback,2.43277,,,
I64,1000,500,11,llvmpipe,batched,32.15013,0,-1,0
I64,1000,500,11,llvmpipe,readback,30.64052,,,
I64,10000,5000,11,cpu1,batched,27.66447,,,
I64,10000,5000,11,cpu8,batched,5.79711,,,
I64,10000,5000,11,nvidia,batched,1.97736,0,-1,0
I64,10000,5000,11,nvidia,readback,3.29373,,,
I64,10000,5000,11,llvmpipe,batched,41.72688,0,-1,0
I64,10000,5000,11,llvmpipe,readback,40.32294,,,
I64,100000,50000,13,cpu1,batched,301.81815,,,
I64,100000,50000,13,cpu8,batched,41.99216,,,
I64,100000,50000,13,nvidia,batched,8.64670,0,-1,0
I64,100000,50000,13,nvidia,readback,10.44267,,,
I64,100000,50000,13,llvmpipe,batched,88.10258,0,-1,0
I64,100000,50000,13,llvmpipe,readback,90.80205,,,
I32,1000,500,11,cpu1,batched,0.69938,,,
I32,1000,500,11,cpu8,batched,0.78605,,,
I32,1000,500,11,nvidia,batched,1.02212,0,-1,0
I32,1000,500,11,nvidia,readback,1.62670,,,
I32,1000,500,11,llvmpipe,batched,6.23778,0,-1,0
I32,1000,500,11,llvmpipe,readback,13.88779,,,
I32,10000,5000,11,cpu1,batched,7.34551,,,
I32,10000,5000,11,cpu8,batched,2.40362,,,
I32,10000,5000,11,nvidia,batched,1.23448,0,-1,0
I32,10000,5000,11,nvidia,readback,1.87293,,,
I32,10000,5000,11,llvmpipe,batched,6.69781,0,-1,0
I32,10000,5000,11,llvmpipe,readback,7.07384,,,
I32,100000,50000,13,cpu1,batched,108.68453,,,
I32,100000,50000,13,cpu8,batched,19.12359,,,
I32,100000,50000,13,nvidia,batched,5.15002,0,-1,0
I32,100000,50000,13,nvidia,readback,6.47972,,,
I32,100000,50000,13,llvmpipe,batched,55.61410,0,-1,0
I32,100000,50000,13,llvmpipe,readback,57.09699,,,
V4,1000,500,11,cpu1,batched,1.02410,,,
V4,1000,500,11,cpu8,batched,0.87449,,,
V4,1000,500,11,nvidia,batched,1.66392,0,-1,0
V4,1000,500,11,nvidia,readback,2.53006,,,
V4,1000,500,11,llvmpipe,batched,10.30250,0,-1,0
V4,1000,500,11,llvmpipe,readback,30.12696,,,
V4,10000,5000,11,cpu1,batched,10.66524,,,
V4,10000,5000,11,cpu8,batched,3.00600,,,
V4,10000,5000,11,nvidia,batched,1.85529,0,-1,0
V4,10000,5000,11,nvidia,readback,2.66381,,,
V4,10000,5000,11,llvmpipe,batched,9.64264,0,-1,0
V4,10000,5000,11,llvmpipe,readback,34.56706,,,
V4,100000,50000,13,cpu1,batched,126.42562,,,
V4,100000,50000,13,cpu8,batched,22.04397,,,
V4,100000,50000,13,nvidia,batched,6.55185,0,-1,0
V4,100000,50000,13,nvidia,readback,8.34730,,,
V4,100000,50000,13,llvmpipe,batched,62.99526,0,-1,0
V4,100000,50000,13,llvmpipe,readback,66.17848,,,
F-fma,10000,5000,11,cpu1,batched,5.81805,,,
F-fast,10000,5000,11,cpu1,batched,5.96311,,,
F-fast,10000,5000,11,nvidia,batched,1.06748,54038,0,2249863134
F-fast,10000,5000,11,nvidia,readback,2.04184,,,
F-fast,10000,5000,11,llvmpipe,batched,7.83912,51099,0,2245530213
F-fast,10000,5000,11,llvmpipe,readback,7.22097,,,
F-clang,1000,500,11,cpu1,batched,0.49448,,,
F-clang,1000,500,11,cpu8,batched,0.54761,,,
F-clang,10000,5000,11,cpu1,batched,4.77271,,,
F-clang,10000,5000,11,cpu8,batched,2.09353,,,
F-clang,100000,50000,13,cpu1,batched,50.73525,,,
F-clang,100000,50000,13,cpu8,batched,15.27251,,,
Fdisc-clang,1000,500,11,cpu1,batched,0.51881,,,
Fdisc-clang,1000,500,11,cpu8,batched,0.55748,,,
Fdisc-clang,10000,5000,11,cpu1,batched,5.06514,,,
Fdisc-clang,10000,5000,11,cpu8,batched,1.84034,,,
Fdisc-clang,100000,50000,13,cpu1,batched,54.14270,,,
Fdisc-clang,100000,50000,13,cpu8,batched,13.40168,,,
I64-clang,1000,500,11,cpu1,batched,2.60835,,,
I64-clang,1000,500,11,cpu8,batched,1.87973,,,
I64-clang,10000,5000,11,cpu1,batched,25.74572,,,
I64-clang,10000,5000,11,cpu8,batched,5.85605,,,
I64-clang,100000,50000,13,cpu1,batched,277.83305,,,
I64-clang,100000,50000,13,cpu8,batched,42.43447,,,
I32-clang,1000,500,11,cpu1,batched,0.53209,,,
I32-clang,1000,500,11,cpu8,batched,0.67491,,,
I32-clang,10000,5000,11,cpu1,batched,5.32977,,,
I32-clang,10000,5000,11,cpu8,batched,2.16889,,,
I32-clang,100000,50000,13,cpu1,batched,69.48813,,,
I32-clang,100000,50000,13,cpu8,batched,15.83045,,,
V4-clang,1000,500,11,cpu1,batched,0.87389,,,
V4-clang,1000,500,11,cpu8,batched,0.84335,,,
V4-clang,10000,5000,11,cpu1,batched,8.81297,,,
V4-clang,10000,5000,11,cpu8,batched,2.48857,,,
V4-clang,100000,50000,13,cpu1,batched,103.34155,,,
V4-clang,100000,50000,13,cpu8,batched,20.02589,,,
F-fma,10000,5000,11,cpu1,batched,5.71295,,,
F-fast,1000,500,11,cpu1,batched,0.54462,,,
F-fast,1000,500,11,nvidia,batched,0.87488,5295,0,2093610018
F-fast,1000,500,11,nvidia,readback,1.88053,,,
F-fast,1000,500,11,llvmpipe,batched,9.88013,4954,0,2100901260
F-fast,1000,500,11,llvmpipe,readback,8.44762,,,
F-fast,10000,5000,11,cpu1,batched,5.99143,,,
F-fast,10000,5000,11,nvidia,batched,1.07718,54038,0,2249863134
F-fast,10000,5000,11,nvidia,readback,1.99956,,,
F-fast,10000,5000,11,llvmpipe,batched,9.63027,51099,0,2245530213
F-fast,10000,5000,11,llvmpipe,readback,6.82452,,,
F-fast,100000,50000,13,cpu1,batched,71.16829,,,
F-fast,100000,50000,13,nvidia,batched,4.73134,532751,0,2219349548
F-fast,100000,50000,13,nvidia,readback,5.97644,,,
F-fast,100000,50000,13,llvmpipe,batched,51.77166,501623,0,2221782519
F-fast,100000,50000,13,llvmpipe,readback,54.83733,,,
