V1,twin,144.831,,ab5661ac89d3d2de,0,0
V1,nvidia,1.5345,1.5318,ab5661ac89d3d2de,0,0
V1,intel,39.3417,37.5230,ab5661ac89d3d2de,0,0
V2,twin,768.536,,64a34bdbc001aa50,0,0
V2,nvidia,3.8271,3.2766,64a34bdbc001aa50,0,0
V2,intel,192.0011,189.9967,64a34bdbc001aa50,0,0
V3,twin,414.100,,8dbf59a0f05e9857,6926917,0
V3,nvidia,2.6355,2.3473,8dbf59a0f05e9857,6926917,0
V3,intel,51.0061,46.0514,8dbf59a0f05e9857,6926917,0
V4,twin,425.005,,dee0c00ab61307a0,9408623,0
V4,nvidia,3.0180,2.7303,dee0c00ab61307a0,9408623,0
V4,intel,53.5948,47.2469,dee0c00ab61307a0,9408623,0
V4b,twin,571.308,,8dcefcdc4110e7b6,7515037,430865
V4b,nvidia,2.2782,2.2659,8dcefcdc4110e7b6,7515037,430865
V4b,intel,74.4858,72.1608,8dcefcdc4110e7b6,7515037,430865
V1-rtesz,twin,138.361,,ab5661ac89d3d2de,0,0
V1-rtesz,nvidia,1.5396,1.5277,ab5661ac89d3d2de,0,0
V1-rtesz,intel,37.6512,33.8912,ab5661ac89d3d2de,0,0
V1-pszinp,twin,137.977,,ab5661ac89d3d2de,0,0
V1-pszinp,intel,38.7889,32.6892,ab5661ac89d3d2de,0,0
V4-dxc,twin,424.038,,dee0c00ab61307a0,9408623,0
V4-dxc,nvidia,2.5247,2.4858,dee0c00ab61307a0,9408623,0
V4-dxc,intel,55.0850,49.7661,dee0c00ab61307a0,9408623,0
V4-glslang,twin,424.813,,dee0c00ab61307a0,9408623,0
V4-glslang,nvidia,2.5247,2.5233,dee0c00ab61307a0,9408623,0
V4-glslang,intel,54.4875,49.3388,dee0c00ab61307a0,9408623,0
V1-fma,twin,102.933,,a44ff956c6feb7ed,0,0
V1-fast,twin,139.212,,ab5661ac89d3d2de,0,0
V1-fast,nvidia,1.5167,1.5167,062f0efff58693f3,0,0
V1-fast,intel,41.0316,41.0316,2c79bfd66ec43afd,0,0
V1-clang-cl,twin,112.491,,ab5661ac89d3d2de,0,0
V2-clang-cl,twin,612.166,,64a34bdbc001aa50,0,0
V3-clang-cl,twin,216.682,,8dbf59a0f05e9857,6926917,0
V4-clang-cl,twin,227.466,,dee0c00ab61307a0,9408623,0
V4b-clang-cl,twin,386.491,,8dcefcdc4110e7b6,7515037,430865
