F,1000,500,11,cpu1,batched,1.15602,,,
F,1000,500,11,cpu8,batched,0.83409,,,
F,1000,500,11,nvidia,batched,0.67680,0,-1,0
F,1000,500,11,nvidia,readback,0.80830,,,
F,1000,500,11,intel,batched,1.12071,0,-1,0
F,1000,500,11,intel,readback,1.28901,,,
F,10000,5000,11,cpu1,batched,13.00730,,,
F,10000,5000,11,cpu8,batched,3.48832,,,
F,10000,5000,11,nvidia,batched,0.99266,0,-1,0
F,10000,5000,11,nvidia,readback,1.19295,,,
F,10000,5000,11,intel,batched,2.82639,0,-1,0
F,10000,5000,11,intel,readback,3.16213,,,
F,100000,50000,13,cpu1,batched,144.75404,,,
F,100000,50000,13,cpu8,batched,29.90988,,,
F,100000,50000,13,nvidia,batched,5.65016,0,-1,0
F,100000,50000,13,nvidia,readback,7.52584,,,
F,100000,50000,13,intel,batched,34.23216,1,-1,0
F,100000,50000,13,intel,readback,34.47785,,,
F-ieee,1000,500,11,cpu1,batched,1.12233,,,
F-ieee,1000,500,11,cpu8,batched,0.83346,,,
F-ieee,1000,500,11,nvidia,batched,0.67828,0,-1,0
F-ieee,1000,500,11,nvidia,readback,0.74889,,,
F-ieee,1000,500,11,intel,batched,0.77236,0,-1,0
F-ieee,1000,500,11,intel,readback,0.97629,,,
F-ieee,10000,5000,11,cpu1,batched,11.89055,,,
F-ieee,10000,5000,11,cpu8,batched,3.17696,,,
F-ieee,10000,5000,11,nvidia,batched,0.96927,0,-1,0
F-ieee,10000,5000,11,nvidia,readback,1.39033,,,
F-ieee,10000,5000,11,intel,batched,2.88638,0,-1,0
F-ieee,10000,5000,11,intel,readback,3.28453,,,
F-ieee,100000,50000,13,cpu1,batched,139.36115,,,
F-ieee,100000,50000,13,cpu8,batched,30.13513,,,
F-ieee,100000,50000,13,nvidia,batched,5.67090,0,-1,0
F-ieee,100000,50000,13,nvidia,readback,7.52050,,,
F-ieee,100000,50000,13,intel,batched,34.35791,1,-1,0
F-ieee,100000,50000,13,intel,readback,34.79347,,,
F-any,1000,500,11,cpu1,batched,1.11081,,,
F-any,1000,500,11,nvidia,batched,0.68012,0,-1,0
F-any,1000,500,11,nvidia,readback,0.73966,,,
F-any,1000,500,11,intel,batched,0.76926,0,-1,0
F-any,1000,500,11,intel,readback,1.05663,,,
F-any,10000,5000,11,cpu1,batched,11.87719,,,
F-any,10000,5000,11,nvidia,batched,0.94469,0,-1,0
F-any,10000,5000,11,nvidia,readback,1.40428,,,
F-any,10000,5000,11,intel,batched,2.88483,0,-1,0
F-any,10000,5000,11,intel,readback,3.25363,,,
F-any,100000,50000,13,cpu1,batched,142.83951,,,
F-any,100000,50000,13,nvidia,batched,5.66724,0,-1,0
F-any,100000,50000,13,nvidia,readback,7.32893,,,
F-any,100000,50000,13,intel,batched,34.22725,1,-1,0
F-any,100000,50000,13,intel,readback,34.67921,,,
Fdisc,1000,500,11,cpu1,batched,1.14642,,,
Fdisc,1000,500,11,nvidia,batched,0.67895,4222,0,2128836678
Fdisc,1000,500,11,nvidia,readback,0.75684,,,
Fdisc,1000,500,11,intel,batched,0.77939,4114,0,2128791692
Fdisc,1000,500,11,intel,readback,1.05264,,,
Fdisc,10000,5000,11,cpu1,batched,12.12248,,,
Fdisc,10000,5000,11,nvidia,batched,0.95284,44465,0,2256458884
Fdisc,10000,5000,11,nvidia,readback,1.24088,,,
Fdisc,10000,5000,11,intel,batched,2.88297,43975,0,2151724102
Fdisc,10000,5000,11,intel,readback,3.29186,,,
Fdisc,100000,50000,13,cpu1,batched,144.69548,,,
Fdisc,100000,50000,13,nvidia,batched,5.66642,432644,0,2197096520
Fdisc,100000,50000,13,nvidia,readback,7.29956,,,
Fdisc,100000,50000,13,intel,batched,34.08232,426541,0,2198750860
Fdisc,100000,50000,13,intel,readback,36.71429,,,
Fdisc-ieee,1000,500,11,cpu1,batched,1.13096,,,
Fdisc-ieee,1000,500,11,nvidia,batched,0.68379,3815,0,2068683050
Fdisc-ieee,1000,500,11,nvidia,readback,0.88590,,,
Fdisc-ieee,1000,500,11,intel,batched,1.13941,4114,0,2128791692
Fdisc-ieee,1000,500,11,intel,readback,1.19530,,,
Fdisc-ieee,10000,5000,11,cpu1,batched,12.17884,,,
Fdisc-ieee,10000,5000,11,nvidia,batched,0.95785,41690,0,2116778059
Fdisc-ieee,10000,5000,11,nvidia,readback,1.26775,,,
Fdisc-ieee,10000,5000,11,intel,batched,2.88207,43975,0,2151724102
Fdisc-ieee,10000,5000,11,intel,readback,3.23898,,,
Fdisc-ieee,100000,50000,13,cpu1,batched,137.70391,,,
Fdisc-ieee,100000,50000,13,nvidia,batched,5.35559,402417,0,2202390075
Fdisc-ieee,100000,50000,13,nvidia,readback,6.63920,,,
Fdisc-ieee,100000,50000,13,intel,batched,31.21097,426541,0,2198750860
Fdisc-ieee,100000,50000,13,intel,readback,32.93999,,,
Fnocap,1000,500,11,cpu1,batched,1.00305,,,
Fnocap,1000,500,11,nvidia,batched,0.63329,886,3,4290772991
Fnocap,1000,500,11,nvidia,readback,0.82459,,,
Fnocap,1000,500,11,intel,batched,1.13700,874,3,2170994246
Fnocap,1000,500,11,intel,readback,1.18335,,,
Fnocap,10000,5000,11,cpu1,batched,11.31800,,,
Fnocap,10000,5000,11,nvidia,batched,0.89249,23157,0,4290772991
Fnocap,10000,5000,11,nvidia,readback,1.18572,,,
Fnocap,10000,5000,11,intel,batched,2.87096,22945,0,4286578688
Fnocap,10000,5000,11,intel,readback,3.19753,,,
I64,1000,500,11,cpu1,batched,6.60830,,,
I64,1000,500,11,cpu8,batched,4.28837,,,
I64,1000,500,11,nvidia,batched,1.32207,0,-1,0
I64,1000,500,11,nvidia,readback,1.57559,,,
I64,1000,500,11,intel,batched,26.34017,5911,0,500398123697
I64,1000,500,11,intel,readback,26.58976,,,
I64,10000,5000,11,cpu1,batched,68.55373,,,
I64,10000,5000,11,cpu8,batched,17.74810,,,
I64,10000,5000,11,nvidia,batched,2.13059,0,-1,0
I64,10000,5000,11,nvidia,readback,2.72389,,,
I64,10000,5000,11,intel,batched,44.66043,89650,0,9223112124178629632
I64,10000,5000,11,intel,readback,45.30991,,,
I64,100000,50000,13,cpu1,batched,739.68267,,,
I64,100000,50000,13,cpu8,batched,166.49662,,,
I64,100000,50000,13,nvidia,batched,9.73465,0,-1,0
I64,100000,50000,13,nvidia,readback,12.44388,,,
I64,100000,50000,13,intel,batched,316.94528,899797,0,9223364984439417856
I64,100000,50000,13,intel,readback,319.60394,,,
I32,1000,500,11,cpu1,batched,1.40465,,,
I32,1000,500,11,cpu8,batched,0.98251,,,
I32,1000,500,11,nvidia,batched,0.81685,0,-1,0
I32,1000,500,11,nvidia,readback,0.83216,,,
I32,1000,500,11,intel,batched,2.24358,0,-1,0
I32,1000,500,11,intel,readback,2.51547,,,
I32,10000,5000,11,cpu1,batched,15.29805,,,
I32,10000,5000,11,cpu8,batched,4.02590,,,
I32,10000,5000,11,nvidia,batched,1.27563,0,-1,0
I32,10000,5000,11,nvidia,readback,1.81663,,,
I32,10000,5000,11,intel,batched,5.22795,0,-1,0
I32,10000,5000,11,intel,readback,5.66639,,,
I32,100000,50000,13,cpu1,batched,184.05466,,,
I32,100000,50000,13,cpu8,batched,39.26121,,,
I32,100000,50000,13,nvidia,batched,6.38238,0,-1,0
I32,100000,50000,13,nvidia,readback,8.41991,,,
I32,100000,50000,13,intel,batched,41.05413,0,-1,0
I32,100000,50000,13,intel,readback,45.21907,,,
V4,1000,500,11,cpu1,batched,2.49611,,,
V4,1000,500,11,cpu8,batched,1.88239,,,
V4,1000,500,11,nvidia,batched,1.21144,0,-1,0
V4,1000,500,11,nvidia,readback,1.24387,,,
V4,1000,500,11,intel,batched,2.81629,0,-1,0
V4,1000,500,11,intel,readback,3.15734,,,
V4,10000,5000,11,cpu1,batched,25.29972,,,
V4,10000,5000,11,cpu8,batched,6.72077,,,
V4,10000,5000,11,nvidia,batched,1.57891,0,-1,0
V4,10000,5000,11,nvidia,readback,2.01257,,,
V4,10000,5000,11,intel,batched,5.19561,0,-1,0
V4,10000,5000,11,intel,readback,5.67953,,,
V4,100000,50000,13,cpu1,batched,293.05423,,,
V4,100000,50000,13,cpu8,batched,61.64676,,,
V4,100000,50000,13,nvidia,batched,7.04359,0,-1,0
V4,100000,50000,13,nvidia,readback,9.01754,,,
V4,100000,50000,13,intel,batched,42.66319,0,-1,0
V4,100000,50000,13,intel,readback,44.18489,,,
F-fma,10000,5000,11,cpu1,batched,8.65871,,,
F-fast,10000,5000,11,cpu1,batched,13.08304,,,
F-fast,10000,5000,11,nvidia,batched,1.09701,54048,0,2247199762
F-fast,10000,5000,11,nvidia,readback,1.40408,,,
F-fast,10000,5000,11,intel,batched,3.06255,54800,0,2261507194
F-fast,10000,5000,11,intel,readback,3.19189,,,
F-clang-cl,1000,500,11,cpu1,batched,0.80182,,,
F-clang-cl,1000,500,11,cpu8,batched,0.67986,,,
F-clang-cl,10000,5000,11,cpu1,batched,9.16130,,,
F-clang-cl,10000,5000,11,cpu8,batched,2.41840,,,
F-clang-cl,100000,50000,13,cpu1,batched,115.99066,,,
F-clang-cl,100000,50000,13,cpu8,batched,24.61253,,,
Fdisc-clang-cl,1000,500,11,cpu1,batched,0.84063,,,
Fdisc-clang-cl,1000,500,11,cpu8,batched,0.67691,,,
Fdisc-clang-cl,10000,5000,11,cpu1,batched,9.55871,,,
Fdisc-clang-cl,10000,5000,11,cpu8,batched,2.57110,,,
Fdisc-clang-cl,100000,50000,13,cpu1,batched,127.14486,,,
Fdisc-clang-cl,100000,50000,13,cpu8,batched,28.00832,,,
I64-clang-cl,1000,500,11,cpu1,batched,5.61068,,,
I64-clang-cl,1000,500,11,cpu8,batched,3.53801,,,
I64-clang-cl,10000,5000,11,cpu1,batched,58.53853,,,
I64-clang-cl,10000,5000,11,cpu8,batched,17.19913,,,
I64-clang-cl,100000,50000,13,cpu1,batched,700.26480,,,
I64-clang-cl,100000,50000,13,cpu8,batched,162.79732,,,
I32-clang-cl,1000,500,11,cpu1,batched,1.01388,,,
I32-clang-cl,1000,500,11,cpu8,batched,0.80499,,,
I32-clang-cl,10000,5000,11,cpu1,batched,12.22668,,,
I32-clang-cl,10000,5000,11,cpu8,batched,3.82857,,,
I32-clang-cl,100000,50000,13,cpu1,batched,137.44712,,,
I32-clang-cl,100000,50000,13,cpu8,batched,31.14582,,,
V4-clang-cl,1000,500,11,cpu1,batched,1.35717,,,
V4-clang-cl,1000,500,11,cpu8,batched,1.01892,,,
V4-clang-cl,10000,5000,11,cpu1,batched,14.38701,,,
V4-clang-cl,10000,5000,11,cpu8,batched,4.73771,,,
V4-clang-cl,100000,50000,13,cpu1,batched,174.99822,,,
V4-clang-cl,100000,50000,13,cpu8,batched,41.99452,,,
