V1,twin,52.194,,ab5661ac89d3d2de,0,0
V1,apple,6.4198,6.4027,51f3b29169bfb7de,0,0
V2,twin,224.922,,64a34bdbc001aa50,0,0
V2,apple,8.8697,8.6447,64a34bdbc001aa50,0,0
V3,twin,107.752,,8dbf59a0f05e9857,6926917,0
V3,apple,4.9784,4.1380,8dbf59a0f05e9857,6926917,0
V4,twin,118.477,,dee0c00ab61307a0,9408623,0
V4,apple,5.2336,4.0319,dee0c00ab61307a0,9408623,0
V4b,twin,126.301,,8dcefcdc4110e7b6,7515037,430865
V4b,apple,4.0250,3.9481,8dcefcdc4110e7b6,7515037,430865
V1-rtesz,twin,32.645,,ab5661ac89d3d2de,0,0
V1-rtesz,apple,7.0545,6.4174,51f3b29169bfb7de,0,0
V1-pszinp,twin,32.928,,ab5661ac89d3d2de,0,0
V4-dxc,twin,115.290,,dee0c00ab61307a0,9408623,0
V4-dxc,apple,5.0723,4.6229,dee0c00ab61307a0,9408623,0
V4-glslang,twin,121.604,,dee0c00ab61307a0,9408623,0
V4-glslang,apple,4.9202,4.1887,dee0c00ab61307a0,9408623,0
V1-fma,twin,31.023,,b2cc60a9b2bd0cda,0,0
V1-fast,twin,32.712,,ab5661ac89d3d2de,0,0
V1-fast,apple,3.5559,3.5559,83aab991ffba7ee3,0,0
V1-mvkfast,twin,34.060,,ab5661ac89d3d2de,0,0
V1-mvkfast,apple,6.4590,6.4403,51f3b29169bfb7de,0,0
