F,1000,500,11,cpu1,batched,0.21283,,,
F,1000,500,11,cpu8,batched,1.23532,,,
F,1000,500,11,apple,batched,1.70306,0,-1,0
F,1000,500,11,apple,readback,2.48872,,,
F,10000,5000,11,cpu1,batched,2.15238,,,
F,10000,5000,11,cpu8,batched,2.41193,,,
F,10000,5000,11,apple,batched,1.80562,0,-1,0
F,10000,5000,11,apple,readback,2.53458,,,
F,100000,50000,13,cpu1,batched,24.04580,,,
F,100000,50000,13,cpu8,batched,14.24223,,,
F,100000,50000,13,apple,batched,7.01284,0,-1,0
F,100000,50000,13,apple,readback,8.17220,,,
F-ieee,1000,500,11,cpu1,batched,0.23010,,,
F-ieee,1000,500,11,cpu8,batched,0.63055,,,
F-ieee,1000,500,11,apple,batched,1.70949,0,-1,0
F-ieee,1000,500,11,apple,readback,2.40960,,,
F-ieee,10000,5000,11,cpu1,batched,2.18358,,,
F-ieee,10000,5000,11,cpu8,batched,1.85212,,,
F-ieee,10000,5000,11,apple,batched,1.84377,0,-1,0
F-ieee,10000,5000,11,apple,readback,2.60072,,,
F-ieee,100000,50000,13,cpu1,batched,24.40017,,,
F-ieee,100000,50000,13,cpu8,batched,14.68440,,,
F-ieee,100000,50000,13,apple,batched,7.49228,0,-1,0
F-ieee,100000,50000,13,apple,readback,8.72557,,,
F-any,1000,500,11,cpu1,batched,0.26448,,,
F-any,1000,500,11,apple,batched,1.67115,0,-1,0
F-any,1000,500,11,apple,readback,2.36997,,,
F-any,10000,5000,11,cpu1,batched,2.37240,,,
F-any,10000,5000,11,apple,batched,1.88941,0,-1,0
F-any,10000,5000,11,apple,readback,2.58307,,,
F-any,100000,50000,13,cpu1,batched,24.87540,,,
F-any,100000,50000,13,apple,batched,7.12957,0,-1,0
F-any,100000,50000,13,apple,readback,8.43448,,,
Fdisc,1000,500,11,cpu1,batched,0.25913,,,
Fdisc,1000,500,11,apple,batched,1.69539,825,-1,0
Fdisc,1000,500,11,apple,readback,2.49467,,,
Fdisc,10000,5000,11,cpu1,batched,2.34155,,,
Fdisc,10000,5000,11,apple,batched,1.90713,8056,-1,0
Fdisc,10000,5000,11,apple,readback,2.50240,,,
Fdisc,100000,50000,13,cpu1,batched,27.06783,,,
Fdisc,100000,50000,13,apple,batched,7.28676,83452,-1,0
Fdisc,100000,50000,13,apple,readback,8.22528,,,
Fdisc-ieee,1000,500,11,cpu1,batched,0.23467,,,
Fdisc-ieee,1000,500,11,apple,batched,1.68744,825,-1,0
Fdisc-ieee,1000,500,11,apple,readback,2.39695,,,
Fdisc-ieee,10000,5000,11,cpu1,batched,2.33023,,,
Fdisc-ieee,10000,5000,11,apple,batched,1.79927,8056,-1,0
Fdisc-ieee,10000,5000,11,apple,readback,2.49868,,,
Fdisc-ieee,100000,50000,13,cpu1,batched,26.14890,,,
Fdisc-ieee,100000,50000,13,apple,batched,7.31281,83452,-1,0
Fdisc-ieee,100000,50000,13,apple,readback,8.39397,,,
Fnocap,1000,500,11,cpu1,batched,0.22998,,,
Fnocap,1000,500,11,apple,batched,1.71234,0,-1,0
Fnocap,1000,500,11,apple,readback,2.46468,,,
Fnocap,10000,5000,11,cpu1,batched,2.35862,,,
Fnocap,10000,5000,11,apple,batched,1.89394,0,-1,0
Fnocap,10000,5000,11,apple,readback,2.68797,,,
I64,1000,500,11,cpu1,batched,2.09085,,,
I64,1000,500,11,cpu8,batched,2.79577,,,
I64,1000,500,11,apple,batched,2.39040,0,-1,0
I64,1000,500,11,apple,readback,3.10907,,,
I64,10000,5000,11,cpu1,batched,21.32957,,,
I64,10000,5000,11,cpu8,batched,9.37475,,,
I64,10000,5000,11,apple,batched,2.91290,0,-1,0
I64,10000,5000,11,apple,readback,3.53177,,,
I64,100000,50000,13,cpu1,batched,219.11417,,,
I64,100000,50000,13,cpu8,batched,76.03157,,,
I64,100000,50000,13,apple,batched,14.92607,0,-1,0
I64,100000,50000,13,apple,readback,16.62120,,,
I32,1000,500,11,cpu1,batched,0.44542,,,
I32,1000,500,11,cpu8,batched,0.87828,,,
I32,1000,500,11,apple,batched,1.65280,0,-1,0
I32,1000,500,11,apple,readback,2.35287,,,
I32,10000,5000,11,cpu1,batched,4.41927,,,
I32,10000,5000,11,cpu8,batched,2.67920,,,
I32,10000,5000,11,apple,batched,1.63801,0,-1,0
I32,10000,5000,11,apple,readback,2.26803,,,
I32,100000,50000,13,cpu1,batched,47.31218,,,
I32,100000,50000,13,cpu8,batched,19.59110,,,
I32,100000,50000,13,apple,batched,5.33668,0,-1,0
I32,100000,50000,13,apple,readback,6.70612,,,
V4,1000,500,11,cpu1,batched,0.64537,,,
V4,1000,500,11,cpu8,batched,1.17627,,,
V4,1000,500,11,apple,batched,1.67576,0,-1,0
V4,1000,500,11,apple,readback,2.22303,,,
V4,10000,5000,11,cpu1,batched,6.06800,,,
V4,10000,5000,11,cpu8,batched,3.39655,,,
V4,10000,5000,11,apple,batched,1.76553,0,-1,0
V4,10000,5000,11,apple,readback,2.27598,,,
V4,100000,50000,13,cpu1,batched,65.31663,,,
V4,100000,50000,13,cpu8,batched,25.33107,,,
V4,100000,50000,13,apple,batched,6.26131,0,-1,0
V4,100000,50000,13,apple,readback,7.53503,,,
F-fma,10000,5000,11,cpu1,batched,1.98922,,,
F-fast,1000,500,11,cpu1,batched,0.23605,,,
F-fast,1000,500,11,apple,batched,1.60015,5280,0,2103156514
F-fast,1000,500,11,apple,readback,2.17557,,,
F-fast,10000,5000,11,cpu1,batched,2.43313,,,
F-fast,10000,5000,11,apple,batched,1.74119,54007,0,2159993408
F-fast,10000,5000,11,apple,readback,2.30587,,,
F-fast,100000,50000,13,cpu1,batched,27.49672,,,
F-fast,100000,50000,13,apple,batched,4.54996,532813,0,2220161599
F-fast,100000,50000,13,apple,readback,5.80743,,,
F-mvkfast,1000,500,11,cpu1,batched,0.22672,,,
F-mvkfast,1000,500,11,apple,batched,1.62109,0,-1,0
F-mvkfast,1000,500,11,apple,readback,2.38162,,,
F-mvkfast,10000,5000,11,cpu1,batched,2.26832,,,
F-mvkfast,10000,5000,11,apple,batched,1.81972,0,-1,0
F-mvkfast,10000,5000,11,apple,readback,2.51952,,,
F-mvkfast,100000,50000,13,cpu1,batched,25.18922,,,
F-mvkfast,100000,50000,13,apple,batched,6.69804,0,-1,0
F-mvkfast,100000,50000,13,apple,readback,7.97657,,,
